"Source","Biome","Timeslice_younger","Timeslice_older","Site_number","EMD"
"Biome compositional turnover (EMD)","Northern Hemisphere",0,0.5,1941,0.238955178416398
"Biome compositional turnover (EMD)","Northern Hemisphere",0.5,1,2074,0.208938280522662
"Biome compositional turnover (EMD)","Northern Hemisphere",1,1.5,2047,0.183299425288342
"Biome compositional turnover (EMD)","Northern Hemisphere",1.5,2,2043,0.172700532605326
"Biome compositional turnover (EMD)","Northern Hemisphere",2,2.5,1992,0.174655805693517
"Biome compositional turnover (EMD)","Northern Hemisphere",2.5,3,1981,0.176583764220985
"Biome compositional turnover (EMD)","Northern Hemisphere",3,3.5,1933,0.17557821788289
"Biome compositional turnover (EMD)","Northern Hemisphere",3.5,4,1886,0.176731182930813
"Biome compositional turnover (EMD)","Northern Hemisphere",4,4.5,1824,0.168890979454979
"Biome compositional turnover (EMD)","Northern Hemisphere",4.5,5,1820,0.173083924132396
"Biome compositional turnover (EMD)","Northern Hemisphere",5,5.5,1804,0.176805305956655
"Biome compositional turnover (EMD)","Northern Hemisphere",5.5,6,1774,0.168296152209418
"Biome compositional turnover (EMD)","Northern Hemisphere",6,6.5,1705,0.170481982556235
"Biome compositional turnover (EMD)","Northern Hemisphere",6.5,7,1648,0.178713543214446
"Biome compositional turnover (EMD)","Northern Hemisphere",7,7.5,1621,0.182648008471369
"Biome compositional turnover (EMD)","Northern Hemisphere",7.5,8,1535,0.173126876273846
"Biome compositional turnover (EMD)","Northern Hemisphere",8,8.5,1482,0.191058333352564
"Biome compositional turnover (EMD)","Northern Hemisphere",8.5,9,1472,0.174706669144496
"Biome compositional turnover (EMD)","Northern Hemisphere",9,9.5,1372,0.185525834631676
"Biome compositional turnover (EMD)","Northern Hemisphere",9.5,10,1303,0.186353595999978
"Biome compositional turnover (EMD)","Northern Hemisphere",10,10.5,1207,0.185851421168374
"Biome compositional turnover (EMD)","Northern Hemisphere",10.5,11,1122,0.186929472871203
"Biome compositional turnover (EMD)","Northern Hemisphere",11,11.5,1061,0.211830694706429
"Biome compositional turnover (EMD)","Northern Hemisphere",11.5,12,986,0.21519857883535
"Biome compositional turnover (EMD)","Northern Hemisphere",12,12.5,892,0.209943265130633
"Biome compositional turnover (EMD)","Northern Hemisphere",12.5,13,821,0.222644094537534
"Biome compositional turnover (EMD)","Northern Hemisphere",13,13.5,723,0.212569276540694
"Biome compositional turnover (EMD)","Northern Hemisphere",13.5,14,626,0.216322731877498
"Biome compositional turnover (EMD)","Northern Hemisphere",14,14.5,525,0.205597102561901
"Biome compositional turnover (EMD)","Northern Hemisphere",14.5,15,437,0.204417095037966
"Biome compositional turnover (EMD)","Northern Hemisphere",15,15.5,372,0.188275256347793
"Biome compositional turnover (EMD)","Northern Hemisphere",15.5,16,314,0.23567420422055
"Biome compositional turnover (EMD)","Northern Hemisphere",16,16.5,275,0.190186531988812
"Biome compositional turnover (EMD)","Northern Hemisphere",16.5,17,235,0.206074720339161
"Biome compositional turnover (EMD)","Northern Hemisphere",17,17.5,209,0.218546964219628
"Biome compositional turnover (EMD)","Northern Hemisphere",17.5,18,183,0.193126961131735
"Biome compositional turnover (EMD)","Northern Hemisphere",18,18.5,159,0.195059394274337
"Biome compositional turnover (EMD)","Northern Hemisphere",18.5,19,138,0.226120962641361
"Biome compositional turnover (EMD)","Northern Hemisphere",19,19.5,143,0.218167354373102
"Biome compositional turnover (EMD)","Northern Hemisphere",19.5,20,123,0.193400300240138
"Biome compositional turnover (EMD)","Northern Hemisphere",20,20.5,111,0.160051738149139
"Biome compositional turnover (EMD)","Northern Hemisphere",20.5,21,105,0.160923920084271
"Biome compositional turnover (EMD)","TRFO",0,0.5,49,0.27504688501358
"Biome compositional turnover (EMD)","TRFO",0.5,1,52,0.245324954390526
"Biome compositional turnover (EMD)","TRFO",1,1.5,49,0.243674129247665
"Biome compositional turnover (EMD)","TRFO",1.5,2,53,0.224724978208542
"Biome compositional turnover (EMD)","TRFO",2,2.5,57,0.240897253155708
"Biome compositional turnover (EMD)","TRFO",2.5,3,55,0.248767405748367
"Biome compositional turnover (EMD)","TRFO",3,3.5,54,0.250646434724331
"Biome compositional turnover (EMD)","TRFO",3.5,4,52,0.254182763397694
"Biome compositional turnover (EMD)","TRFO",4,4.5,46,0.240710511803627
"Biome compositional turnover (EMD)","TRFO",4.5,5,45,0.237524196505547
"Biome compositional turnover (EMD)","TRFO",5,5.5,44,0.294897526502609
"Biome compositional turnover (EMD)","TRFO",5.5,6,37,0.219961330294609
"Biome compositional turnover (EMD)","TRFO",6,6.5,37,0.2523373067379
"Biome compositional turnover (EMD)","TRFO",6.5,7,34,0.260081171989441
"Biome compositional turnover (EMD)","TRFO",7,7.5,34,0.252693191170692
"Biome compositional turnover (EMD)","TRFO",7.5,8,33,0.258486092090607
"Biome compositional turnover (EMD)","TRFO",8,8.5,30,0.212668664753437
"Biome compositional turnover (EMD)","TRFO",8.5,9,31,0.213918283581734
"Biome compositional turnover (EMD)","TRFO",9,9.5,24,0.308927208185196
"Biome compositional turnover (EMD)","TRFO",9.5,10,22,0.255222380161286
"Biome compositional turnover (EMD)","TRFO",10,10.5,19,0.197823479771614
"Biome compositional turnover (EMD)","TRFO",10.5,11,19,0.202090159058571
"Biome compositional turnover (EMD)","TRFO",11,11.5,18,0.312064692378044
"Biome compositional turnover (EMD)","TRFO",11.5,12,16,0.290893092751503
"Biome compositional turnover (EMD)","TRFO",12,12.5,17,0.249446019530296
"Biome compositional turnover (EMD)","TRFO",12.5,13,20,0.313147142529487
"Biome compositional turnover (EMD)","TRFO",13,13.5,19,0.272443413734436
"Biome compositional turnover (EMD)","TRFO",13.5,14,18,0.284907400608063
"Biome compositional turnover (EMD)","TRFO",14,14.5,19,0.225942745804787
"Biome compositional turnover (EMD)","TRFO",14.5,15,18,0.291363880038262
"Biome compositional turnover (EMD)","TRFO",15,15.5,14,0.223357878625392
"Biome compositional turnover (EMD)","TRFO",15.5,16,15,0.286534637212753
"Biome compositional turnover (EMD)","TRFO",16,16.5,13,0.232987388968468
"Biome compositional turnover (EMD)","TRFO",16.5,17,14,0.245915003120899
"Biome compositional turnover (EMD)","TRFO",17,17.5,15,0.242094486951828
"Biome compositional turnover (EMD)","TRFO",17.5,18,13,0.19954688847065
"Biome compositional turnover (EMD)","TRFO",18,18.5,9,0.231923460960388
"Biome compositional turnover (EMD)","TRFO",18.5,19,11,0.226442039012909
"Biome compositional turnover (EMD)","TRFO",19,19.5,11,0.222075626254082
"Biome compositional turnover (EMD)","TRFO",19.5,20,10,0.195613354444504
"Biome compositional turnover (EMD)","TRFO",20,20.5,12,0.20028942078352
"Biome compositional turnover (EMD)","TRFO",20.5,21,10,0.146704975515604
"Biome compositional turnover (EMD)","WTFO",0,0.5,38,0.269642919301986
"Biome compositional turnover (EMD)","WTFO",0.5,1,46,0.233071945607662
"Biome compositional turnover (EMD)","WTFO",1,1.5,48,0.204632677137851
"Biome compositional turnover (EMD)","WTFO",1.5,2,50,0.195155642926693
"Biome compositional turnover (EMD)","WTFO",2,2.5,51,0.210145324468613
"Biome compositional turnover (EMD)","WTFO",2.5,3,51,0.221126884222031
"Biome compositional turnover (EMD)","WTFO",3,3.5,48,0.196253217756748
"Biome compositional turnover (EMD)","WTFO",3.5,4,42,0.201205998659134
"Biome compositional turnover (EMD)","WTFO",4,4.5,41,0.203973382711411
"Biome compositional turnover (EMD)","WTFO",4.5,5,45,0.171282112598419
"Biome compositional turnover (EMD)","WTFO",5,5.5,40,0.217706143856049
"Biome compositional turnover (EMD)","WTFO",5.5,6,34,0.196907997131347
"Biome compositional turnover (EMD)","WTFO",6,6.5,35,0.211640208959579
"Biome compositional turnover (EMD)","WTFO",6.5,7,33,0.206720679998398
"Biome compositional turnover (EMD)","WTFO",7,7.5,33,0.210978850722313
"Biome compositional turnover (EMD)","WTFO",7.5,8,28,0.200370162725449
"Biome compositional turnover (EMD)","WTFO",8,8.5,26,0.211100623011589
"Biome compositional turnover (EMD)","WTFO",8.5,9,25,0.174403220415115
"Biome compositional turnover (EMD)","WTFO",9,9.5,21,0.198504015803337
"Biome compositional turnover (EMD)","WTFO",9.5,10,18,0.205265082418918
"Biome compositional turnover (EMD)","WTFO",10,10.5,14,0.198107831180096
"Biome compositional turnover (EMD)","WTFO",10.5,11,15,0.213955461978912
"Biome compositional turnover (EMD)","WTFO",11,11.5,13,0.190335318446159
"Biome compositional turnover (EMD)","WTFO",11.5,12,13,0.173423781991005
"Biome compositional turnover (EMD)","WTFO",12,12.5,11,0.152586430311203
"Biome compositional turnover (EMD)","WTFO",12.5,13,13,0.190696060657501
"Biome compositional turnover (EMD)","WTFO",13,13.5,11,0.263035863637924
"Biome compositional turnover (EMD)","WTFO",13.5,14,12,0.151275426149369
"Biome compositional turnover (EMD)","WTFO",14,14.5,11,0.171395257115364
"Biome compositional turnover (EMD)","WTFO",14.5,15,10,0.194199830293655
"Biome compositional turnover (EMD)","WTFO",15,15.5,13,0.209458768367767
"Biome compositional turnover (EMD)","WTFO",15.5,16,12,0.181054346263409
"Biome compositional turnover (EMD)","WTFO",16,16.5,11,0.155968531966209
"Biome compositional turnover (EMD)","WTFO",16.5,17,11,0.145728632807732
"Biome compositional turnover (EMD)","WTFO",17,17.5,10,0.194600075483322
"Biome compositional turnover (EMD)","WTFO",17.5,18,8,0.141351591795683
"Biome compositional turnover (EMD)","WTFO",18,18.5,9,0.16828316450119
"Biome compositional turnover (EMD)","WTFO",18.5,19,8,0.237336806952954
"Biome compositional turnover (EMD)","WTFO",19,19.5,9,0.187581226229668
"Biome compositional turnover (EMD)","WTFO",19.5,20,8,0.222255259752274
"Biome compositional turnover (EMD)","WTFO",20,20.5,9,0.155639141798019
"Biome compositional turnover (EMD)","WTFO",20.5,21,8,0.159281529486179
"Biome compositional turnover (EMD)","TEFO",0,0.5,1173,0.284594088792801
"Biome compositional turnover (EMD)","TEFO",0.5,1,1257,0.227793112397194
"Biome compositional turnover (EMD)","TEFO",1,1.5,1255,0.210101425647736
"Biome compositional turnover (EMD)","TEFO",1.5,2,1245,0.195107564330101
"Biome compositional turnover (EMD)","TEFO",2,2.5,1201,0.193021431565285
"Biome compositional turnover (EMD)","TEFO",2.5,3,1183,0.192167997360229
"Biome compositional turnover (EMD)","TEFO",3,3.5,1145,0.178102985024452
"Biome compositional turnover (EMD)","TEFO",3.5,4,1112,0.183325938880444
"Biome compositional turnover (EMD)","TEFO",4,4.5,1079,0.17541415989399
"Biome compositional turnover (EMD)","TEFO",4.5,5,1055,0.177755087614059
"Biome compositional turnover (EMD)","TEFO",5,5.5,1041,0.188808009028435
"Biome compositional turnover (EMD)","TEFO",5.5,6,1043,0.179428681731224
"Biome compositional turnover (EMD)","TEFO",6,6.5,991,0.174195036292076
"Biome compositional turnover (EMD)","TEFO",6.5,7,936,0.17114482074976
"Biome compositional turnover (EMD)","TEFO",7,7.5,928,0.179733864963054
"Biome compositional turnover (EMD)","TEFO",7.5,8,887,0.184274047613144
"Biome compositional turnover (EMD)","TEFO",8,8.5,846,0.183795496821404
"Biome compositional turnover (EMD)","TEFO",8.5,9,835,0.181151196360588
"Biome compositional turnover (EMD)","TEFO",9,9.5,795,0.179087892174721
"Biome compositional turnover (EMD)","TEFO",9.5,10,769,0.186613813042641
"Biome compositional turnover (EMD)","TEFO",10,10.5,732,0.204591669142246
"Biome compositional turnover (EMD)","TEFO",10.5,11,689,0.225613847374916
"Biome compositional turnover (EMD)","TEFO",11,11.5,666,0.239437527954579
"Biome compositional turnover (EMD)","TEFO",11.5,12,618,0.243952319025994
"Biome compositional turnover (EMD)","TEFO",12,12.5,554,0.228194780647755
"Biome compositional turnover (EMD)","TEFO",12.5,13,525,0.248761788010597
"Biome compositional turnover (EMD)","TEFO",13,13.5,461,0.221185714006424
"Biome compositional turnover (EMD)","TEFO",13.5,14,401,0.236105173826218
"Biome compositional turnover (EMD)","TEFO",14,14.5,343,0.225534126162529
"Biome compositional turnover (EMD)","TEFO",14.5,15,284,0.22792961448431
"Biome compositional turnover (EMD)","TEFO",15,15.5,236,0.206013843417168
"Biome compositional turnover (EMD)","TEFO",15.5,16,187,0.198195725679398
"Biome compositional turnover (EMD)","TEFO",16,16.5,165,0.192920222878456
"Biome compositional turnover (EMD)","TEFO",16.5,17,143,0.178212031722069
"Biome compositional turnover (EMD)","TEFO",17,17.5,123,0.196348905563354
"Biome compositional turnover (EMD)","TEFO",17.5,18,108,0.179557867348194
"Biome compositional turnover (EMD)","TEFO",18,18.5,93,0.186368614435196
"Biome compositional turnover (EMD)","TEFO",18.5,19,75,0.190719082951546
"Biome compositional turnover (EMD)","TEFO",19,19.5,75,0.211042568087578
"Biome compositional turnover (EMD)","TEFO",19.5,20,62,0.159209676086903
"Biome compositional turnover (EMD)","TEFO",20,20.5,48,0.151603735983372
"Biome compositional turnover (EMD)","TEFO",20.5,21,50,0.156103931367397
"Biome compositional turnover (EMD)","BOFO",0,0.5,412,0.158372446894646
"Biome compositional turnover (EMD)","BOFO",0.5,1,425,0.132496446371078
"Biome compositional turnover (EMD)","BOFO",1,1.5,419,0.128829389810562
"Biome compositional turnover (EMD)","BOFO",1.5,2,422,0.122494291514158
"Biome compositional turnover (EMD)","BOFO",2,2.5,410,0.129522435367107
"Biome compositional turnover (EMD)","BOFO",2.5,3,414,0.127088390290737
"Biome compositional turnover (EMD)","BOFO",3,3.5,406,0.124393906444311
"Biome compositional turnover (EMD)","BOFO",3.5,4,405,0.125367969274521
"Biome compositional turnover (EMD)","BOFO",4,4.5,398,0.128304146230221
"Biome compositional turnover (EMD)","BOFO",4.5,5,409,0.125717490911484
"Biome compositional turnover (EMD)","BOFO",5,5.5,417,0.125381737947464
"Biome compositional turnover (EMD)","BOFO",5.5,6,406,0.124157313257456
"Biome compositional turnover (EMD)","BOFO",6,6.5,404,0.126022174954415
"Biome compositional turnover (EMD)","BOFO",6.5,7,401,0.143417939543724
"Biome compositional turnover (EMD)","BOFO",7,7.5,389,0.13779054582119
"Biome compositional turnover (EMD)","BOFO",7.5,8,367,0.147135272622108
"Biome compositional turnover (EMD)","BOFO",8,8.5,350,0.149737417697906
"Biome compositional turnover (EMD)","BOFO",8.5,9,353,0.149825692176819
"Biome compositional turnover (EMD)","BOFO",9,9.5,317,0.160050973296165
"Biome compositional turnover (EMD)","BOFO",9.5,10,297,0.168913066387177
"Biome compositional turnover (EMD)","BOFO",10,10.5,265,0.166875451803207
"Biome compositional turnover (EMD)","BOFO",10.5,11,238,0.173455998301506
"Biome compositional turnover (EMD)","BOFO",11,11.5,215,0.186058610677719
"Biome compositional turnover (EMD)","BOFO",11.5,12,206,0.187334157526493
"Biome compositional turnover (EMD)","BOFO",12,12.5,195,0.180820301175117
"Biome compositional turnover (EMD)","BOFO",12.5,13,159,0.17463655769825
"Biome compositional turnover (EMD)","BOFO",13,13.5,137,0.195877626538277
"Biome compositional turnover (EMD)","BOFO",13.5,14,113,0.17716147005558
"Biome compositional turnover (EMD)","BOFO",14,14.5,86,0.160559363663197
"Biome compositional turnover (EMD)","BOFO",14.5,15,69,0.185201033949852
"Biome compositional turnover (EMD)","BOFO",15,15.5,56,0.174982741475106
"Biome compositional turnover (EMD)","BOFO",15.5,16,51,0.163735941052437
"Biome compositional turnover (EMD)","BOFO",16,16.5,47,0.162502393126488
"Biome compositional turnover (EMD)","BOFO",16.5,17,33,0.181869968771935
"Biome compositional turnover (EMD)","BOFO",17,17.5,24,0.190416477620601
"Biome compositional turnover (EMD)","BOFO",17.5,18,22,0.15235248208046
"Biome compositional turnover (EMD)","BOFO",18,18.5,18,0.162876151502132
"Biome compositional turnover (EMD)","BOFO",18.5,19,14,0.123762737959624
"Biome compositional turnover (EMD)","BOFO",19,19.5,16,0.153966650366784
"Biome compositional turnover (EMD)","BOFO",19.5,20,13,0.141892805695534
"Biome compositional turnover (EMD)","BOFO",20,20.5,13,0.174212068319321
"Biome compositional turnover (EMD)","BOFO",20.5,21,14,0.148559845983982
"Biome compositional turnover (EMD)","SAVA",0,0.5,23,0.307421177625656
"Biome compositional turnover (EMD)","SAVA",0.5,1,23,0.268905311822891
"Biome compositional turnover (EMD)","SAVA",1,1.5,21,0.165632009506226
"Biome compositional turnover (EMD)","SAVA",1.5,2,24,0.227574527263641
"Biome compositional turnover (EMD)","SAVA",2,2.5,21,0.176326259970665
"Biome compositional turnover (EMD)","SAVA",2.5,3,22,0.167538501322269
"Biome compositional turnover (EMD)","SAVA",3,3.5,17,0.208258152008057
"Biome compositional turnover (EMD)","SAVA",3.5,4,16,0.150882102549076
"Biome compositional turnover (EMD)","SAVA",4,4.5,18,0.143839918076992
"Biome compositional turnover (EMD)","SAVA",4.5,5,22,0.171020954847335
"Biome compositional turnover (EMD)","SAVA",5,5.5,19,0.151988819241524
"Biome compositional turnover (EMD)","SAVA",5.5,6,16,0.15835777670145
"Biome compositional turnover (EMD)","SAVA",6,6.5,17,0.154829025268555
"Biome compositional turnover (EMD)","SAVA",6.5,7,19,0.168338462710381
"Biome compositional turnover (EMD)","SAVA",7,7.5,17,0.179945826530457
"Biome compositional turnover (EMD)","SAVA",7.5,8,16,0.204621598124504
"Biome compositional turnover (EMD)","SAVA",8,8.5,16,0.173082977533341
"Biome compositional turnover (EMD)","SAVA",8.5,9,14,0.170526891946792
"Biome compositional turnover (EMD)","SAVA",9,9.5,15,0.153744235634804
"Biome compositional turnover (EMD)","SAVA",9.5,10,15,0.207778200507164
"Biome compositional turnover (EMD)","SAVA",10,10.5,16,0.163917146623135
"Biome compositional turnover (EMD)","SAVA",10.5,11,17,0.210363551974297
"Biome compositional turnover (EMD)","SAVA",11,11.5,17,0.161153167486191
"Biome compositional turnover (EMD)","SAVA",11.5,12,14,0.175487041473389
"Biome compositional turnover (EMD)","SAVA",12,12.5,14,0.149987474083901
"Biome compositional turnover (EMD)","SAVA",12.5,13,13,0.164892181754112
"Biome compositional turnover (EMD)","SAVA",13,13.5,9,0.148696929216385
"Biome compositional turnover (EMD)","SAVA",13.5,14,9,0.186916381120682
"Biome compositional turnover (EMD)","SAVA",14,14.5,8,0.139315858483315
"Biome compositional turnover (EMD)","SAVA",14.5,15,7,0.114678472280502
"Biome compositional turnover (EMD)","SAVA",15,15.5,7,0.133879125118256
"Biome compositional turnover (EMD)","SAVA",15.5,16,5,0.114687688648701
"Biome compositional turnover (EMD)","SAVA",16,16.5,5,0.133506834506989
"Biome compositional turnover (EMD)","SAVA",16.5,17,7,0.137388646602631
"Biome compositional turnover (EMD)","SAVA",17,17.5,6,0.111365359276533
"Biome compositional turnover (EMD)","SAVA",17.5,18,5,0.116700455546379
"Biome compositional turnover (EMD)","SAVA",18,18.5,5,0.169741362333298
"Biome compositional turnover (EMD)","SAVA",18.5,19,4,0.180485047399998
"Biome compositional turnover (EMD)","SAVA",19,19.5,4,0.148924678564071
"Biome compositional turnover (EMD)","SAVA",19.5,20,4,0.159309897571803
"Biome compositional turnover (EMD)","SAVA",20,20.5,4,0.170459046959877
"Biome compositional turnover (EMD)","SAVA",20.5,21,4,0.156763326376677
"Biome compositional turnover (EMD)","STEP",0,0.5,125,0.269767761230469
"Biome compositional turnover (EMD)","STEP",0.5,1,141,0.202077820897102
"Biome compositional turnover (EMD)","STEP",1,1.5,136,0.210256434977054
"Biome compositional turnover (EMD)","STEP",1.5,2,128,0.179194994270801
"Biome compositional turnover (EMD)","STEP",2,2.5,130,0.196757666766643
"Biome compositional turnover (EMD)","STEP",2.5,3,133,0.194086566567421
"Biome compositional turnover (EMD)","STEP",3,3.5,134,0.204084195196629
"Biome compositional turnover (EMD)","STEP",3.5,4,132,0.209269247949123
"Biome compositional turnover (EMD)","STEP",4,4.5,122,0.197588011622429
"Biome compositional turnover (EMD)","STEP",4.5,5,124,0.189652167260647
"Biome compositional turnover (EMD)","STEP",5,5.5,122,0.189529396593571
"Biome compositional turnover (EMD)","STEP",5.5,6,117,0.178399950265884
"Biome compositional turnover (EMD)","STEP",6,6.5,110,0.173263125121594
"Biome compositional turnover (EMD)","STEP",6.5,7,109,0.173500001430511
"Biome compositional turnover (EMD)","STEP",7,7.5,109,0.200428515672684
"Biome compositional turnover (EMD)","STEP",7.5,8,103,0.172062680125237
"Biome compositional turnover (EMD)","STEP",8,8.5,106,0.189317725598812
"Biome compositional turnover (EMD)","STEP",8.5,9,107,0.174806922674179
"Biome compositional turnover (EMD)","STEP",9,9.5,101,0.19966995716095
"Biome compositional turnover (EMD)","STEP",9.5,10,93,0.185257568955421
"Biome compositional turnover (EMD)","STEP",10,10.5,87,0.186444714665413
"Biome compositional turnover (EMD)","STEP",10.5,11,81,0.181520074605942
"Biome compositional turnover (EMD)","STEP",11,11.5,81,0.227160587906837
"Biome compositional turnover (EMD)","STEP",11.5,12,71,0.223253682255745
"Biome compositional turnover (EMD)","STEP",12,12.5,62,0.255305275321007
"Biome compositional turnover (EMD)","STEP",12.5,13,61,0.244211226701736
"Biome compositional turnover (EMD)","STEP",13,13.5,53,0.213178679347038
"Biome compositional turnover (EMD)","STEP",13.5,14,41,0.182029947638512
"Biome compositional turnover (EMD)","STEP",14,14.5,36,0.19138690084219
"Biome compositional turnover (EMD)","STEP",14.5,15,26,0.175388850271702
"Biome compositional turnover (EMD)","STEP",15,15.5,24,0.19617260247469
"Biome compositional turnover (EMD)","STEP",15.5,16,27,0.27437499165535
"Biome compositional turnover (EMD)","STEP",16,16.5,25,0.226257607340813
"Biome compositional turnover (EMD)","STEP",16.5,17,18,0.182475328445435
"Biome compositional turnover (EMD)","STEP",17,17.5,16,0.270334914326667
"Biome compositional turnover (EMD)","STEP",17.5,18,15,0.179509446024895
"Biome compositional turnover (EMD)","STEP",18,18.5,13,0.266999989748001
"Biome compositional turnover (EMD)","STEP",18.5,19,14,0.281526029109955
"Biome compositional turnover (EMD)","STEP",19,19.5,14,0.216565571725368
"Biome compositional turnover (EMD)","STEP",19.5,20,12,0.239178448915482
"Biome compositional turnover (EMD)","STEP",20,20.5,14,0.213608980178833
"Biome compositional turnover (EMD)","STEP",20.5,21,10,0.247146554291248
"Biome compositional turnover (EMD)","DESE",0,0.5,17,0.274870276451111
"Biome compositional turnover (EMD)","DESE",0.5,1,19,0.330015778541565
"Biome compositional turnover (EMD)","DESE",1,1.5,17,0.195383682847023
"Biome compositional turnover (EMD)","DESE",1.5,2,18,0.187356568872929
"Biome compositional turnover (EMD)","DESE",2,2.5,19,0.181381210684776
"Biome compositional turnover (EMD)","DESE",2.5,3,20,0.194804072380066
"Biome compositional turnover (EMD)","DESE",3,3.5,20,0.194329917430878
"Biome compositional turnover (EMD)","DESE",3.5,4,21,0.195043101906776
"Biome compositional turnover (EMD)","DESE",4,4.5,20,0.166620932519436
"Biome compositional turnover (EMD)","DESE",4.5,5,18,0.205918490886688
"Biome compositional turnover (EMD)","DESE",5,5.5,16,0.196330703794957
"Biome compositional turnover (EMD)","DESE",5.5,6,17,0.206467047333717
"Biome compositional turnover (EMD)","DESE",6,6.5,14,0.200501337647438
"Biome compositional turnover (EMD)","DESE",6.5,7,15,0.246424645185471
"Biome compositional turnover (EMD)","DESE",7,7.5,14,0.229130759835244
"Biome compositional turnover (EMD)","DESE",7.5,8,14,0.148404344916343
"Biome compositional turnover (EMD)","DESE",8,8.5,16,0.308326616883278
"Biome compositional turnover (EMD)","DESE",8.5,9,12,0.212750390172005
"Biome compositional turnover (EMD)","DESE",9,9.5,12,0.181764550507068
"Biome compositional turnover (EMD)","DESE",9.5,10,11,0.170894742012024
"Biome compositional turnover (EMD)","DESE",10,10.5,9,0.208318680524826
"Biome compositional turnover (EMD)","DESE",10.5,11,9,0.157000780105591
"Biome compositional turnover (EMD)","DESE",11,11.5,6,0.187040030956269
"Biome compositional turnover (EMD)","DESE",11.5,12,8,0.20507013052702
"Biome compositional turnover (EMD)","DESE",12,12.5,6,0.209054380655289
"Biome compositional turnover (EMD)","DESE",12.5,13,6,0.255192875862121
"Biome compositional turnover (EMD)","DESE",13,13.5,5,0.256242871284485
"Biome compositional turnover (EMD)","DESE",13.5,14,5,0.292100012302399
"Biome compositional turnover (EMD)","DESE",14,14.5,5,0.256218373775482
"Biome compositional turnover (EMD)","DESE",14.5,15,5,0.175580874085426
"Biome compositional turnover (EMD)","DESE",15,15.5,4,0.170396767556667
"Biome compositional turnover (EMD)","DESE",15.5,16,2,0.420736864209175
"Biome compositional turnover (EMD)","DESE",16,16.5,1,0.200726494193077
"Biome compositional turnover (EMD)","DESE",16.5,17,1,0.33628311753273
"Biome compositional turnover (EMD)","DESE",17,17.5,1,0.294231921434402
"Biome compositional turnover (EMD)","DESE",17.5,18,2,0.297067351639271
"Biome compositional turnover (EMD)","DESE",18,18.5,3,0.196253538131714
"Biome compositional turnover (EMD)","DESE",18.5,19,2,0.432926580309868
"Biome compositional turnover (EMD)","DESE",19,19.5,2,0.333808600902557
"Biome compositional turnover (EMD)","DESE",19.5,20,2,0.265847831964493
"Biome compositional turnover (EMD)","DESE",20,20.5,0,NA
"Biome compositional turnover (EMD)","DESE",20.5,21,0,NA
"Biome compositional turnover (EMD)","TUND",0,0.5,104,0.15888848900795
"Biome compositional turnover (EMD)","TUND",0.5,1,111,0.146057143807411
"Biome compositional turnover (EMD)","TUND",1,1.5,102,0.14946873486042
"Biome compositional turnover (EMD)","TUND",1.5,2,103,0.13550865650177
"Biome compositional turnover (EMD)","TUND",2,2.5,103,0.135143220424652
"Biome compositional turnover (EMD)","TUND",2.5,3,103,0.146727874875069
"Biome compositional turnover (EMD)","TUND",3,3.5,109,0.135802447795868
"Biome compositional turnover (EMD)","TUND",3.5,4,106,0.152639210224152
"Biome compositional turnover (EMD)","TUND",4,4.5,100,0.153437778353691
"Biome compositional turnover (EMD)","TUND",4.5,5,102,0.154592603445053
"Biome compositional turnover (EMD)","TUND",5,5.5,105,0.140310049057007
"Biome compositional turnover (EMD)","TUND",5.5,6,104,0.143716394901275
"Biome compositional turnover (EMD)","TUND",6,6.5,97,0.161754474043846
"Biome compositional turnover (EMD)","TUND",6.5,7,101,0.144030421972275
"Biome compositional turnover (EMD)","TUND",7,7.5,97,0.148936316370964
"Biome compositional turnover (EMD)","TUND",7.5,8,87,0.151419669389725
"Biome compositional turnover (EMD)","TUND",8,8.5,92,0.15651635825634
"Biome compositional turnover (EMD)","TUND",8.5,9,95,0.145587310194969
"Biome compositional turnover (EMD)","TUND",9,9.5,87,0.159105807542801
"Biome compositional turnover (EMD)","TUND",9.5,10,78,0.177002012729645
"Biome compositional turnover (EMD)","TUND",10,10.5,65,0.163653418421745
"Biome compositional turnover (EMD)","TUND",10.5,11,54,0.151742845773697
"Biome compositional turnover (EMD)","TUND",11,11.5,45,0.17111711204052
"Biome compositional turnover (EMD)","TUND",11.5,12,40,0.186908446252346
"Biome compositional turnover (EMD)","TUND",12,12.5,33,0.174241468310356
"Biome compositional turnover (EMD)","TUND",12.5,13,24,0.170418255031108
"Biome compositional turnover (EMD)","TUND",13,13.5,28,0.164895571768284
"Biome compositional turnover (EMD)","TUND",13.5,14,27,0.2061787545681
"Biome compositional turnover (EMD)","TUND",14,14.5,17,0.253306686878204
"Biome compositional turnover (EMD)","TUND",14.5,15,18,0.263706356287002
"Biome compositional turnover (EMD)","TUND",15,15.5,18,0.188591569662094
"Biome compositional turnover (EMD)","TUND",15.5,16,15,0.231184586882591
"Biome compositional turnover (EMD)","TUND",16,16.5,8,0.177476331591607
"Biome compositional turnover (EMD)","TUND",16.5,17,8,0.224139481782913
"Biome compositional turnover (EMD)","TUND",17,17.5,14,0.199160277843476
"Biome compositional turnover (EMD)","TUND",17.5,18,10,0.257357724010944
"Biome compositional turnover (EMD)","TUND",18,18.5,9,0.153160765767097
"Biome compositional turnover (EMD)","TUND",18.5,19,10,0.216245517134666
"Biome compositional turnover (EMD)","TUND",19,19.5,12,0.281025722622872
"Biome compositional turnover (EMD)","TUND",19.5,20,12,0.228514060378075
"Biome compositional turnover (EMD)","TUND",20,20.5,11,0.203596621751785
"Biome compositional turnover (EMD)","TUND",20.5,21,9,0.247892886400223
